insert into Semesters(semesterName,semesterStarts,semesterEnds,academicYear)values('Haust2015','2015-08-01','2015-12-31','2015-2016');
insert into Semesters(semesterName,semesterStarts,semesterEnds,academicYear)values('Vor2016','2016-01-01','2016-05-31','2015-2016');
insert into Semesters(semesterName,semesterStarts,semesterEnds,academicYear)values('Haust2016','2016-08-01','2016-12-31','2016-2017');
insert into Semesters(semesterName,semesterStarts,semesterEnds,academicYear)values('Vor2017','2017-01-01','2017-05-31','2016-2017');
insert into Semesters(semesterName,semesterStarts,semesterEnds,academicYear)values('Haust2017','2017-08-01','2017-12-31','2017-2018');
insert into Semesters(semesterName,semesterStarts,semesterEnds,academicYear)values('Vor2018','2018-01-01','2018-05-31','2017-2018');
insert into Semesters(semesterName,semesterStarts,semesterEnds,academicYear)values('Haust2018','2018-08-01','2018-12-31','2018-2019');
insert into Semesters(semesterName,semesterStarts,semesterEnds,academicYear)values('Vor2019','2019-01-01','2019-05-31','2018-2019');
insert into Semesters(semesterName,semesterStarts,semesterEnds,academicYear)values('Haust2019','2019-08-01','2019-12-31','2019-2020');
insert into Semesters(semesterName,semesterStarts,semesterEnds,academicYear)values('Vor2020','2020-01-01','2020-05-31','2019-2020');
insert into Semesters(semesterName,semesterStarts,semesterEnds,academicYear)values('Haust2020','2020-08-01','2020-12-31','2020-2021');
insert into Semesters(semesterName,semesterStarts,semesterEnds,academicYear)values('Vor2021','2021-01-01','2021-05-31','2020-2021');
insert into Semesters(semesterName,semesterStarts,semesterEnds,academicYear)values('Haust2021','2021-08-01','2021-12-31','2021-2022');
insert into Semesters(semesterName,semesterStarts,semesterEnds,academicYear)values('Vor2022','2022-01-01','2022-05-31','2021-2022');
insert into Semesters(semesterName,semesterStarts,semesterEnds,academicYear)values('Haust2022','2022-08-01','2022-12-31','2022-2023');
insert into Semesters(semesterName,semesterStarts,semesterEnds,academicYear)values('Vor2023','2023-01-01','2023-05-31','2022-2023');
insert into Semesters(semesterName,semesterStarts,semesterEnds,academicYear)values('Haust2023','2023-08-01','2023-12-31','2023-2024');
insert into Semesters(semesterName,semesterStarts,semesterEnds,academicYear)values('Vor2024','2024-01-01','2024-05-31','2023-2024');
insert into Semesters(semesterName,semesterStarts,semesterEnds,academicYear)values('Haust2024','2024-08-01','2024-12-31','2024-2025');
insert into Semesters(semesterName,semesterStarts,semesterEnds,academicYear)values('Vor2025','2025-01-01','2025-05-31','2024-2025');
insert into Semesters(semesterName,semesterStarts,semesterEnds,academicYear)values('Haust2025','2025-08-01','2025-12-31','2025-2026');
insert into Semesters(semesterName,semesterStarts,semesterEnds,academicYear)values('Vor2026','2026-01-01','2026-05-31','2025-2026');

insert into Schools(schoolName) values('Tækniskólinn');

insert into Divisions(divisionName,schoolID)values('Byggingatækniskólinn',1);
insert into Divisions(divisionName,schoolID)values('Endurmenntunarskólinn',1);
insert into Divisions(divisionName,schoolID)values('Flugskóli Íslands',1);
insert into Divisions(divisionName,schoolID)values('Handverksskólinn',1);
insert into Divisions(divisionName,schoolID)values('Margmiðlunarskólinn',1);
insert into Divisions(divisionName,schoolID)values('Meistaraskólinn',1);
insert into Divisions(divisionName,schoolID)values('Raftækniskólinn',1);
insert into Divisions(divisionName,schoolID)values('Skipstjórnarskólinn',1);
insert into Divisions(divisionName,schoolID)values('Tækniakademían',1);
insert into Divisions(divisionName,schoolID)values('Tæknimenntaskólinn',1);
insert into Divisions(divisionName,schoolID)values('Upplýsingatækniskólinn',1);
insert into Divisions(divisionName,schoolID)values('Vefskólinn',1);
insert into Divisions(divisionName,schoolID)values('Véltækniskólinn',1);

insert into Tracks(trackName,divisionID)values('Almennt nám Upplýsingatækniskóla - AN UTN',11);
insert into Tracks(trackName,divisionID)values('Bókband',11);
insert into Tracks(trackName,divisionID)values('Grafísk miðlun',11);
insert into Tracks(trackName,divisionID)values('Grunnnám upplýsinga- og fjölmiðlagreina',11);
insert into Tracks(trackName,divisionID)values('K2 tækni- og vísindaleið',10);
insert into Tracks(trackName,divisionID)values('Ljósmyndun',11);
insert into Tracks(trackName,divisionID)values('Prentun',11);
insert into Tracks(trackName,divisionID)values('Stúdentspróf',10);
insert into Tracks(trackName,divisionID)values('Tölvubraut TBR16 - stúdentsbraut',11);
insert into Tracks(trackName,divisionID)values('Rafvirkjun',7);

insert into Courses(courseNumber,courseName,courseCredits)values('DANS2BM05AT','Danska',5);
insert into Courses(courseNumber,courseName,courseCredits)values('ENSK2AE05AT','Enska',5);
insert into Courses(courseNumber,courseName,courseCredits)values('ENSK2OF05BT','Enska',5);
insert into Courses(courseNumber,courseName,courseCredits)values('EÐLI2GR05BT','Eðlisfræði',5);
insert into Courses(courseNumber,courseName,courseCredits)values('FORR1FG05AU','Forritun',5);
insert into Courses(courseNumber,courseName,courseCredits)values('FORR2FA05BU','Forritun',5);
insert into Courses(courseNumber,courseName,courseCredits)values('FORR2HF05CU','Forritun',5);
insert into Courses(courseNumber,courseName,courseCredits)values('GAGN1NG05AU','Gagnanotkun',5);
insert into Courses(courseNumber,courseName,courseCredits)values('LÍFS1GR05AT','Lífsleikni',5);
insert into Courses(courseNumber,courseName,courseCredits)values('MENL1AL05AT','Menningarlæsi',5);
insert into Courses(courseNumber,courseName,courseCredits)values('STÆR2AH05BT','Stærðfræði',5);
insert into Courses(courseNumber,courseName,courseCredits)values('STÆR2BR05AT','Stærðfræði',5);
insert into Courses(courseNumber,courseName,courseCredits)values('STÆR3FM05DT','Stærðfræði',5);
insert into Courses(courseNumber,courseName,courseCredits)values('STÆR3FV05ET','Stærðfræði',5);
insert into Courses(courseNumber,courseName,courseCredits)values('STÆR3RV05CT','Stærðfræði',5);
insert into Courses(courseNumber,courseName,courseCredits)values('VEFÞ1VG05AU','Vefþróun',5);
insert into Courses(courseNumber,courseName,courseCredits)values('VEFÞ2VF05CU','Vefþróun',5);
insert into Courses(courseNumber,courseName,courseCredits)values('VEFÞ2VH05BU','Vefþróun',5);
insert into Courses(courseNumber,courseName,courseCredits)values('ÍSLE2AA05AT','Íslenska',5);
insert into Courses(courseNumber,courseName,courseCredits)values('ÍSLE2GO05BT','Íslenska',5);
insert into Courses(courseNumber,courseName,courseCredits)values('ÍÞRÓ1GH02AT','Íþróttir',1);
insert into Courses(courseNumber,courseName,courseCredits)values('ÍÞRÓ1LA01AT','Íþróttir',1);
insert into Courses(courseNumber,courseName,courseCredits)values('ÍÞRÓ1LB01BT','Íþróttir',1);
insert into Courses(courseNumber,courseName,courseCredits)values('ÍÞRÓ1LC01CT','Íþróttir',1);
insert into Courses(courseNumber,courseName,courseCredits)values('FORK2FE02AU','Forritun',5);
insert into Courses(courseNumber,courseName,courseCredits)values('FORK2FT02BU','Forritun',5);
insert into Courses(courseNumber,courseName,courseCredits)values('FORK2FÞ02CU','Forritun',5);
insert into Courses(courseNumber,courseName,courseCredits)values('FORR2GL05DU','Leikjaforritun',5);
insert into Courses(courseNumber,courseName,courseCredits)values('FORR3CG05DU','Forritun',5);
insert into Courses(courseNumber,courseName,courseCredits)values('FORR3FL05EU','Leikjaforritun',5);
insert into Courses(courseNumber,courseName,courseCredits)values('FORR3FV05EU','Forritun',5);
insert into Courses(courseNumber,courseName,courseCredits)values('FORR3JS05DU','Forritun',5);
insert into Courses(courseNumber,courseName,courseCredits)values('FORR3NÞ05DU','Forritun',5);
insert into Courses(courseNumber,courseName,courseCredits)values('FORR3RR05DU','Forritun',5);
insert into Courses(courseNumber,courseName,courseCredits)values('FORR4CF05EU','Forritun',5);
insert into Courses(courseNumber,courseName,courseCredits)values('GAGN2HS05BU','Gagnasafnsfræði',5);
insert into Courses(courseNumber,courseName,courseCredits)values('GAGN2VG05CU','Gagnasafnsfræði',5);
insert into Courses(courseNumber,courseName,courseCredits)values('GAGN3GS05DU','Gagnasafnsfræði',5);
insert into Courses(courseNumber,courseName,courseCredits)values('KEST1TR05AU','Tölvutækni - talnakerfi og rökrásir',5);
insert into Courses(courseNumber,courseName,courseCredits)values('KEST2UN05CU','Tölvutækni – vélbúnaður og jaðartæki (Internet of Things)',5);
insert into Courses(courseNumber,courseName,courseCredits)values('KEST2VJ05BU','Tölvutækni – undirstöðuatriði netkerfa',5);
insert into Courses(courseNumber,courseName,courseCredits)values('KEST2LG05DU','Linux – kerfisstjórnun',5);	
insert into Courses(courseNumber,courseName,courseCredits)values('KEST3WG05DU','Windows Server – grunnur',5);
insert into Courses(courseNumber,courseName,courseCredits)values('KEST3CR05EU','CCNA –Routing and Switching essentials',5);
insert into Courses(courseNumber,courseName,courseCredits)values('KEST3WN05EU','Windows server – netstjórnun og skriftur I',5); 
insert into Courses(courseNumber,courseName,courseCredits)values('ROBO2RG05AU','Þjarkar',5);
insert into Courses(courseNumber,courseName,courseCredits)values('ROBO3RF05BU','Þjarkar',5);
insert into Courses(courseNumber,courseName,courseCredits)values('VEFÞ2VÞ05DU','Vefforritun',5);
insert into Courses(courseNumber,courseName,courseCredits)values('VEFÞ3VL05EU','Vefforritun',5);
insert into Courses(courseNumber,courseName,courseCredits)values('ÍSLE3BF05CT','Íslenska',5);
insert into Courses(courseNumber,courseName,courseCredits)values('ÍSLE3LF05CT','Íslenska',5);
insert into Courses(courseNumber,courseName,courseCredits)values('ÍSLE3NB05CT','Íslenska',5);
insert into Courses(courseNumber,courseName,courseCredits)values('VESM1VS05AU','Verksmiða 1',5);  
insert into Courses(courseNumber,courseName,courseCredits)values('VESM2VS05BU','Verksmiðja 2',5);
insert into Courses(courseNumber,courseName,courseCredits)values('VESM2VS05CU','Verksmiðja 3',5);  
insert into Courses(courseNumber,courseName,courseCredits)values('EÐLI2RB05CT','Eðlisfræði - bylgjur, rafmagn og stjörnufræði',5);
insert into Courses(courseNumber,courseName,courseCredits)values('EFNA2AE05CT','Efnafræði - frumefni, sameindir og efnatengi',5);
insert into Courses(courseNumber,courseName,courseCredits)values('STÆR4HT05FT','Diffurjöfnur, runur,raðir,pólhnit og tvinntölur',5);

insert into Restrictors(courseNumber,restrictorID,restrictorType)values('FORR2FA05BU','FORR1FG05AU',1);
insert into Restrictors(courseNumber,restrictorID,restrictorType)values('FORR2HF05CU','FORR2FA05BU',1);
insert into Restrictors(courseNumber,restrictorID,restrictorType)values('FORR3CG05DU','FORR2HF05CU',1);
insert into Restrictors(courseNumber,restrictorID,restrictorType)values('FORR2GL05DU','FORR2HF05CU',1);
insert into Restrictors(courseNumber,restrictorID,restrictorType)values('FORR3FL05EU','FORR2GL05DU',1);
insert into Restrictors(courseNumber,restrictorID,restrictorType)values('VESM2VS05BU','VESM1VS05AU',1);
insert into Restrictors(courseNumber,restrictorID,restrictorType)values('VESM2VS05BU','FORR1FG05AU',1);
insert into Restrictors(courseNumber,restrictorID,restrictorType)values('VESM2VS05CU','FORR2FA05BU',1);
insert into Restrictors(courseNumber,restrictorID,restrictorType)values('VESM2VS05CU','KEST1VL05AU',1);
insert into Restrictors(courseNumber,restrictorID,restrictorType)values('KEST2VJ05BU','KEST1TR05AU',1);
insert into Restrictors(courseNumber,restrictorID,restrictorType)values('KEST2UN05CU','KEST2VJ05BU',1);
insert into Restrictors(courseNumber,restrictorID,restrictorType)values('KEST3WG05DU','FORR2FA05BU',1);
insert into Restrictors(courseNumber,restrictorID,restrictorType)values('KEST3WG05DU','KEST2UN05CU',1);
insert into Restrictors(courseNumber,restrictorID,restrictorType)values('KEST3WN05EU','KEST3WG05DU',1);

insert into StudentStatus(statusName)values('virkur');
insert into StudentStatus(statusName)values('óvirkur');
insert into StudentStatus(statusName)values('útskrifaður');
insert into StudentStatus(statusName)values('brottvísun');
insert into StudentStatus(statusName)values('leyfi');
insert into StudentStatus(statusName)values('veikindaleyfi');
insert into StudentStatus(statusName)values('samningur');
insert into StudentStatus(statusName)values('endurinnritaður');

insert into Students(firstName,lastName,dob,trackID,registerDate,studentStatus)values('Viðar','Ísaksson','1994-07-29',9,'2017-08-09',3);
insert into Students(firstName,lastName,dob,trackID,registerDate,studentStatus)values('Jóhanna','Andradóttir','1995-02-04',9,'2017-09-29',3);	
insert into Students(firstName,lastName,dob,trackID,registerDate,studentStatus)values('Halldór','Benediktsson','1995-03-28',9,'2017-10-29',3);	
insert into Students(firstName,lastName,dob,trackID,registerDate,studentStatus)values('Jasmine','Ritter','1995-05-02',9,'2017-10-14',3);	
insert into Students(firstName,lastName,dob,trackID,registerDate,studentStatus)values('Guðni','Ásgeirsson','1996-02-10',9,'2017-08-18',3);	
insert into Students(firstName,lastName,dob,trackID,registerDate,studentStatus)values('Olivia','Björklund','1996-03-03',9,'2017-12-17',3);	
insert into Students(firstName,lastName,dob,trackID,registerDate,studentStatus)values('Erla','Jakobsdóttir','1996-06-10',9,'2017-09-09',3);	
insert into Students(firstName,lastName,dob,trackID,registerDate,studentStatus)values('Vivek','Raman','1996-08-01',9,'2017-11-30',3);	
insert into Students(firstName,lastName,dob,trackID,registerDate,studentStatus)values('Kristín','Jökulsdóttir','1996-09-08',9,'2017-10-23',3);
insert into Students(firstName,lastName,dob,trackID,registerDate,studentStatus)values('Ragnar','Kárason','1997-10-19',9,'2018-03-23',1);	
insert into Students(firstName,lastName,dob,trackID,registerDate,studentStatus)values('Cornelia','Persson','1997-11-05',9,'2018-04-27',1);	
insert into Students(firstName,lastName,dob,trackID,registerDate,studentStatus)values('Ásgeir','Kristinsson','1997-11-26',9,'2018-02-02',1);	
insert into Students(firstName,lastName,dob,trackID,registerDate,studentStatus)values('Abhishek','Subramani','1997-02-14',9,'2018-01-31',1);	
insert into Students(firstName,lastName,dob,trackID,registerDate,studentStatus)values('Páll','Stefánsson','1997-03-08',9,'2018-05-01',1);	
insert into Students(firstName,lastName,dob,trackID,registerDate,studentStatus)values('Christian','Schneider','1997-04-20',9,'2018-03-31',1);	
insert into Students(firstName,lastName,dob,trackID,registerDate,studentStatus)values('Shivam','Madan','1997-05-25',9,'2018-04-15',1);	
insert into Students(firstName,lastName,dob,trackID,registerDate,studentStatus)values('Stefán','Ingvarsson','1997-05-28',9,'2018-02-28',1);
insert into Students(firstName,lastName,dob,trackID,registerDate,studentStatus)values('Rut','Magnúsdóttir','1997-06-10',9,'2018-12-21',1);	
insert into Students(firstName,lastName,dob,trackID,registerDate,studentStatus)values('Ellen','Eide','1997-08-02',9,'2018-10-29',1);	
insert into Students(firstName,lastName,dob,trackID,registerDate,studentStatus)values('Snorri','Tómasson','1997-08-09',9,'2018-10-05',1);	
insert into Students(firstName,lastName,dob,trackID,registerDate,studentStatus)values('Ella','Hansson','1997-08-13',9,'2018-08-08',1);	
insert into Students(firstName,lastName,dob,trackID,registerDate,studentStatus)values('Harrison','Ward','1997-10-06',9,'2018-09-11',1);	
insert into Students(firstName,lastName,dob,trackID,registerDate,studentStatus)values('Valdís','Ingvarsdóttir','1997-11-11',9,'2018-10-17',1);
insert into Students(firstName,lastName,dob,trackID,registerDate,studentStatus)values('Margrét','Guðrúnardóttir','1997-11-15',9,'2019-04-19',1);	
insert into Students(firstName,lastName,dob,trackID,registerDate,studentStatus)values('Maddison','Kelly','1998-01-15',9,'2019-01-01',1);	
insert into Students(firstName,lastName,dob,trackID,registerDate,studentStatus)values('Stella','Martinsson','1998-02-27',9,'2019-03-22',1);	
insert into Students(firstName,lastName,dob,trackID,registerDate,studentStatus)values('Marta','Aðalsteinsdóttir','1998-03-07',9,'2019-05-01',1);	
insert into Students(firstName,lastName,dob,trackID,registerDate,studentStatus)values('Guðbjörg','Ómarsdóttir','1998-03-08',9,'2019-02-13',1);	
insert into Students(firstName,lastName,dob,trackID,registerDate,studentStatus)values('María','Daníelsdóttir','1998-03-13',9,'2019-02-13',1);	
insert into Students(firstName,lastName,dob,trackID,registerDate,studentStatus)values('Andri','Arnarson','1998-05-03',9,'2019-04-04',1);
insert into Students(firstName,lastName,dob,trackID,registerDate,studentStatus)values('Huifang','Xióng','1998-05-06',9,'2019-11-01',1);	
insert into Students(firstName,lastName,dob,trackID,registerDate,studentStatus)values('Guðrún','Antonsdóttir','1998-07-13',9,'2019-09-30',1);	
insert into Students(firstName,lastName,dob,trackID,registerDate,studentStatus)values('Róbert','Hafsteinsson','1998-08-11',9,'2019-11-29',1);	
insert into Students(firstName,lastName,dob,trackID,registerDate,studentStatus)values('Jóhann','Aronsson','1998-09-05',9,'2019-08-11',1);
insert into Students(firstName,lastName,dob,trackID,registerDate,studentStatus)values('Gunnar','Dagsson	','1998-10-13',9,'2019-08-28',1);	
insert into Students(firstName,lastName,dob,trackID,registerDate,studentStatus)values('Elvar','Vignisson','1999-02-01',9,'2019-10-23',1);	
insert into Students(firstName,lastName,dob,trackID,registerDate,studentStatus)values('Snorri','Ólafsson','1999-02-25',9,'2019-11-05',1);	
insert into Students(firstName,lastName,dob,trackID,registerDate,studentStatus)values('Richard','Johnson','1999-05-18',9,'2019-12-09',1);	
insert into Students(firstName,lastName,dob,trackID,registerDate,studentStatus)values('Þórunn','Ingvadóttir','1999-08-07',9,'2019-12-25',1);
insert into Students(firstName,lastName,dob,trackID,registerDate,studentStatus)values('Ronja','Jönsson','1999-08-24',9,'2020-01-14',1);	
insert into Students(firstName,lastName,dob,trackID,registerDate,studentStatus)values('Aya','Kobayashi','1999-10-23',9,'2020-03-19',1);	
insert into Students(firstName,lastName,dob,trackID,registerDate,studentStatus)values('Magnús','Guðnason','1999-11-19',9,'2020-03-30',1);	
insert into Students(firstName,lastName,dob,trackID,registerDate,studentStatus)values('Ásta','Ingólfsdóttir','2000-02-29',9,'2020-04-18',1);	
insert into Students(firstName,lastName,dob,trackID,registerDate,studentStatus)values('Magnús','Þorsteinsson','2000-03-13',9,'2020-05-09',1);	
insert into Students(firstName,lastName,dob,trackID,registerDate,studentStatus)values('Katherine','Suvorova','2000-05-01',9,'2020-02-11',1);	
insert into Students(firstName,lastName,dob,trackID,registerDate,studentStatus)values('Unnur','Aðalsteinsdóttir','2000-05-29',9,'2020-03-29',1);	
insert into Students(firstName,lastName,dob,trackID,registerDate,studentStatus)values('Guðlaug','Árnadóttir','2000-07-22',9,'2020-05-01',1);	
insert into Students(firstName,lastName,dob,trackID,registerDate,studentStatus)values('Tobin','Harris','2001-03-20',9,'2020-03-04',1);
insert into Students(firstName,lastName,dob,trackID,registerDate,studentStatus)values('Sigurður','Steinsson','2001-04-05',9,'2020-07-21',1);	
insert into Students(firstName,lastName,dob,trackID,registerDate,studentStatus)values('Guðmundur','Aðalsteinsson','2001-05-08',9,'2020-09-14',1);	
insert into Students(firstName,lastName,dob,trackID,registerDate,studentStatus)values('Ragnheiður','Alexandersdóttir','2001-07-13',9,'2020-10-10',1);	
insert into Students(firstName,lastName,dob,trackID,registerDate,studentStatus)values('Þorbjörg','Sigurðardóttir','2001-10-02',9,'2020-11-02',1);	
insert into Students(firstName,lastName,dob,trackID,registerDate,studentStatus)values('Steven','Guerin','2001-11-05',9,'2020-08-01',1);	
insert into Students(firstName,lastName,dob,trackID,registerDate,studentStatus)values('Ilse','Walter','2001-11-06',9,'2020-08-08',1);	
insert into Students(firstName,lastName,dob,trackID,registerDate,studentStatus)values('Lilja','Vignisdóttir','2002-01-09',9,'2020-07-31',1);	
insert into Students(firstName,lastName,dob,trackID,registerDate,studentStatus)values('Petra','Schmitz','2002-01-24',9,'2020-11-01',1);	
insert into Students(firstName,lastName,dob,trackID,registerDate,studentStatus)values('Sally','Andersson','2002-05-20',9,'2020-12-04',1);	
insert into Students(firstName,lastName,dob,trackID,registerDate,studentStatus)values('Yana','Smirnova','2002-07-30',9,'2020-09-09',1);	
insert into Students(firstName,lastName,dob,trackID,registerDate,studentStatus)values('Dóra','Arnardóttir','2002-08-08',9,'2020-10-23',1);	
insert into Students(firstName,lastName,dob,trackID,registerDate,studentStatus)values('Romain','Richard','2002-11-23',9,'2020-08-09',1);

insert into TrackCourses(trackID, courseNumber,semester,mandatory)values(9,'FORR1FG05AU',1,true);
insert into TrackCourses(trackID, courseNumber,semester,mandatory)values(9,'STÆR2BR05AT',1,true);
insert into TrackCourses(trackID, courseNumber,semester,mandatory)values(9,'ÍSLE2AA05AT',1,true);
insert into TrackCourses(trackID, courseNumber,semester,mandatory)values(9,'ÍÞRÓ1GH02AT',1,true);
insert into TrackCourses(trackID, courseNumber,semester,mandatory)values(9,'ÍÞRÓ1LA01AT',1,true);
insert into TrackCourses(trackID, courseNumber,semester,mandatory)values(9,'KEST1TR05AU',1,true);
insert into TrackCourses(trackID, courseNumber,semester,mandatory)values(9,'VEFÞ1VG05AU',1,true);
insert into TrackCourses(trackID, courseNumber,semester,mandatory)values(9,'VESM1VS05AU',1,true);
insert into TrackCourses(trackID, courseNumber,semester,mandatory)values(9,'FORR2FA05BU',2,true);
insert into TrackCourses(trackID, courseNumber,semester,mandatory)values(9,'STÆR2AH05BT',2,true);
insert into TrackCourses(trackID, courseNumber,semester,mandatory)values(9,'VEFÞ2VH05BU',2,true);
insert into TrackCourses(trackID, courseNumber,semester,mandatory)values(9,'ÍSLE2GO05BT',2,true);
insert into TrackCourses(trackID, courseNumber,semester,mandatory)values(9,'ÍÞRÓ1LB01BT',2,true);
insert into TrackCourses(trackID, courseNumber,semester,mandatory)values(9,'KEST2VJ05BU',2,true);
insert into TrackCourses(trackID, courseNumber,semester,mandatory)values(9,'VESM2VS05BU',2,true);
insert into TrackCourses(trackID, courseNumber,semester,mandatory)values(9,'EÐLI2GR05BT',3,true);
insert into TrackCourses(trackID, courseNumber,semester,mandatory)values(9,'FORR2HF05CU',3,true);
insert into TrackCourses(trackID, courseNumber,semester,mandatory)values(9,'KEST2UN05CU',3,true);
insert into TrackCourses(trackID, courseNumber,semester,mandatory)values(9,'STÆR3RV05CT',3,true);
insert into TrackCourses(trackID, courseNumber,semester,mandatory)values(9,'VEFÞ2VF05CU',3,true);
insert into TrackCourses(trackID, courseNumber,semester,mandatory)values(9,'ÍÞRÓ1LC01CT',3,true);
insert into TrackCourses(trackID, courseNumber,semester,mandatory)values(9,'ÍSLE3BF05CT',3,true);
insert into TrackCourses(trackID, courseNumber,semester,mandatory)values(9,'VESM2VS05CU',3,true);
insert into TrackCourses(trackID, courseNumber,semester,mandatory)values(9,'ENSK2AE05AT',4,true);
insert into TrackCourses(trackID, courseNumber,semester,mandatory)values(9,'LÍFS1GR05AT',4,true);
insert into TrackCourses(trackID, courseNumber,semester,mandatory)values(9,'STÆR3FM05DT',4,true);
insert into TrackCourses(trackID, courseNumber,semester,mandatory)values(9,'FORK2FE02AU',4,false);
insert into TrackCourses(trackID, courseNumber,semester,mandatory)values(9,'FORR2GL05DU',4,false);
insert into TrackCourses(trackID, courseNumber,semester,mandatory)values(9,'FORR3JS05DU',4,false);
insert into TrackCourses(trackID, courseNumber,semester,mandatory)values(9,'GAGN2HS05BU',4,false);
insert into TrackCourses(trackID, courseNumber,semester,mandatory)values(9,'KEST3WN05EU',4,false);  
insert into TrackCourses(trackID, courseNumber,semester,mandatory)values(9,'VEFÞ2VÞ05DU',4,false);
insert into TrackCourses(trackID, courseNumber,semester,mandatory)values(9,'ÍSLE3NB05CT',4,true);
insert into TrackCourses(trackID, courseNumber,semester,mandatory)values(9,'ÍSLE3LF05CT',5,false);
insert into TrackCourses(trackID, courseNumber,semester,mandatory)values(9,'FORK2FT02BU',5,false);
insert into TrackCourses(trackID, courseNumber,semester,mandatory)values(9,'GAGN2VG05CU',5,false);
insert into TrackCourses(trackID, courseNumber,semester,mandatory)values(9,'STÆR3FV05ET',5,true);
insert into TrackCourses(trackID, courseNumber,semester,mandatory)values(9,'MENL1AL05AT',5,true);
insert into TrackCourses(trackID, courseNumber,semester,mandatory)values(9,'ENSK2OF05BT',5,true);
insert into TrackCourses(trackID, courseNumber,semester,mandatory)values(9,'FORR3CG05DU',5,false);
insert into TrackCourses(trackID, courseNumber,semester,mandatory)values(9,'FORR3FL05EU',5,false);
insert into TrackCourses(trackID, courseNumber,semester,mandatory)values(9,'ROBO2RG05AU',5,false);
insert into TrackCourses(trackID, courseNumber,semester,mandatory)values(9,'KEST2LG05DU',5,false);
insert into TrackCourses(trackID, courseNumber,semester,mandatory)values(9,'FORK2FÞ02CU',6,false);
insert into TrackCourses(trackID, courseNumber,semester,mandatory)values(9,'DANS2BM05AT',6,true);
insert into TrackCourses(trackID, courseNumber,semester,mandatory)values(9,'ROBO3RF05BU',6,false);
insert into TrackCourses(trackID, courseNumber,semester,mandatory)values(9,'FORR3RR05DU',6,false);
insert into TrackCourses(trackID, courseNumber,semester,mandatory)values(9,'FORR3FV05EU',6,false);
insert into TrackCourses(trackID, courseNumber,semester,mandatory)values(9,'KEST3CR05EU',6,false);
insert into TrackCourses(trackID, courseNumber,semester,mandatory)values(9,'EÐLI2RB05CT',6,false);
insert into TrackCourses(trackID, courseNumber,semester,mandatory)values(9,'EFNA2AE05CT',6,false);
insert into TrackCourses(trackID, courseNumber,semester,mandatory)values(9,'STÆR4HT05FT',6,false);

